{"cameraMode":{"drawMode":0,"name":"Shaded","section":"Shading Mode"},"sceneLighting":false,"audioPlay":false,"sceneViewState":{"m_AlwaysRefresh":false,"showFog":true,"showSkybox":false,"showFlares":true,"showImageEffects":true,"showParticleSystems":true,"showVisualEffectGraphs":true,"m_FxEnabled":true},"in2DMode":false,"pivot":{"x":4.76837158203125e-7,"y":0.9278501272201538,"z":-0.08500289916992188},"rotation":{"x":-0.034813687205314639,"y":-0.16857436299324037,"z":0.006484654266387224,"w":-0.9852331280708313},"size":2.607473611831665,"orthographic":false}