{"cameraMode":{"drawMode":0,"name":"Shaded","section":"Shading Mode"},"sceneLighting":false,"audioPlay":false,"sceneViewState":{"m_AlwaysRefresh":false,"showFog":true,"showSkybox":false,"showFlares":true,"showImageEffects":true,"showParticleSystems":true,"showVisualEffectGraphs":true,"m_FxEnabled":true},"in2DMode":false,"pivot":{"x":4.76837158203125e-7,"y":0.9278501272201538,"z":-0.08500289916992188},"rotation":{"x":-0.025237547233700753,"y":0.6183727979660034,"z":-0.01936657726764679,"w":-0.7854533195495606},"size":2.607473611831665,"orthographic":false}