{"cameraMode":{"drawMode":0,"name":"Shaded","section":"Shading Mode"},"sceneLighting":true,"audioPlay":false,"sceneViewState":{"m_AlwaysRefresh":false,"showFog":true,"showSkybox":true,"showFlares":true,"showImageEffects":true,"showParticleSystems":true,"showVisualEffectGraphs":true,"m_FxEnabled":true},"in2DMode":false,"pivot":{"x":0.00002586841583251953,"y":0.8407376408576965,"z":0.017498105764389039},"rotation":{"x":-0.02058624103665352,"y":0.9788009524345398,"z":-0.16058044135570527,"w":-0.12547701597213746},"size":1.3575925827026368,"orthographic":false}