{"cameraMode":{"drawMode":0,"name":"Shaded","section":"Shading Mode"},"sceneLighting":true,"audioPlay":false,"sceneViewState":{"m_AlwaysRefresh":false,"showFog":true,"showSkybox":true,"showFlares":true,"showImageEffects":true,"showParticleSystems":true,"showVisualEffectGraphs":true,"m_FxEnabled":true},"in2DMode":false,"pivot":{"x":2.746508836746216,"y":3.9594576358795168,"z":50.139259338378909},"rotation":{"x":-0.12484221905469895,"y":-0.19888851046562196,"z":0.025751112028956415,"w":-0.9717674255371094},"size":5.397459506988525,"orthographic":false}