{"cameraMode":{"drawMode":0,"name":"Shaded","section":"Shading Mode"},"sceneLighting":true,"audioPlay":false,"sceneViewState":{"m_AlwaysRefresh":false,"showFog":true,"showSkybox":true,"showFlares":true,"showImageEffects":true,"showParticleSystems":true,"showVisualEffectGraphs":true,"m_FxEnabled":true},"in2DMode":false,"pivot":{"x":-0.5336713790893555,"y":-8.228516578674317,"z":41.8773307800293},"rotation":{"x":-0.11912018060684204,"y":0.021193059161305429,"z":-0.0022471065167337658,"w":-0.9927793741226196},"size":25.302413940429689,"orthographic":false}