{"cameraMode":{"drawMode":0,"name":"Shaded","section":"Shading Mode"},"sceneLighting":false,"audioPlay":false,"sceneViewState":{"m_AlwaysRefresh":false,"showFog":true,"showSkybox":false,"showFlares":true,"showImageEffects":true,"showParticleSystems":true,"showVisualEffectGraphs":true,"m_FxEnabled":true},"in2DMode":false,"pivot":{"x":0.15412664413452149,"y":1.1227269172668458,"z":-0.20970791578292848},"rotation":{"x":-0.053513024002313617,"y":-0.5726478099822998,"z":0.03755515068769455,"w":-0.8174317479133606},"size":1.9802627563476563,"orthographic":false}